"person","X","y","m","coin","total","total_category","category","prop"
"AaronLob",47,778,1502,"2EUR",1502,"1000-2000","marathon",0.51797603195739
"AaronLob",49,285,525,"1DEM",525,"500-1000","marathon",0.542857142857143
"AaronLob",257,490,951,"1EUR",951,"500-1000","marathon",0.515247108307045
"AaronLob",48,265,511,"0.20EUR",511,"500-1000","marathon",0.518590998043053
"AaronLob",46,483,949,"1EUR",949,"500-1000","marathon",0.50895679662803
"AaronLob",261,131,252,"0.50EUR",252,"100-500","marathon",0.51984126984127
"AaronLob",50,126,248,"0.50EUR",248,"100-500","marathon",0.508064516129032
"AaronLob",259,247,489,"0.20EUR",489,"100-500","marathon",0.505112474437628
"AaronLob",260,239,475,"1DEM",475,"100-500","marathon",0.503157894736842
"AaronLob",258,771,1498,"2EUR",1498,"1000-2000","marathon",0.514686248331108
"AdrianKarami",53,148,273,"1GBP",273,"100-500","marathon",0.542124542124542
"AdrianKarami",262,509,961,"0.20EUR",961,"500-1000","marathon",0.529656607700312
"AdrianKarami",264,102,227,"1GBP",227,"100-500","marathon",0.449339207048458
"AdrianKarami",52,241,491,"2EUR",491,"100-500","marathon",0.490835030549898
"AdrianKarami",263,258,509,"2EUR",509,"500-1000","marathon",0.506876227897839
"AdrianKarami",51,491,939,"0.20EUR",939,"500-1000","marathon",0.522896698615548
"AndreeaZetea",64,229,491,"0.50RON",491,"100-500","marathon",0.466395112016293
"AndreeaZetea",275,252,509,"0.50RON",509,"500-1000","marathon",0.495088408644401
"AndreeaZetea",272,221,439,"0.25USD",439,"100-500","marathon",0.503416856492027
"AndreeaZetea",63,381,784,"2EUR",784,"500-1000","marathon",0.485969387755102
"AndreeaZetea",274,387,793,"2EUR",793,"500-1000","marathon",0.488020176544767
"AndreeaZetea",62,276,532,"0.05EUR",532,"500-1000","marathon",0.518796992481203
"AndreeaZetea",273,215,468,"0.05EUR",468,"100-500","marathon",0.459401709401709
"AndreeaZetea",61,243,461,"0.25USD",461,"100-500","marathon",0.527114967462039
"AntonZoubek",183,1269,2481,"0.50EUR",2481,"2000-5000","marathon",0.51148730350665
"AntonZoubek",394,1317,2522,"0.50EUR",2522,"2000-5000","marathon",0.522204599524187
"AntonZoubek",395,1165,2423,"5SEK",2423,"2000-5000","marathon",0.480808914568716
"AntonZoubek",184,1318,2578,"5SEK",2578,"2000-5000","marathon",0.511249030256012
"ArneJohn",68,238,504,"0.50EUR",504,"500-1000","marathon",0.472222222222222
"ArneJohn",67,265,513,"1EUR",513,"500-1000","marathon",0.516569200779727
"ArneJohn",278,240,487,"1EUR",487,"100-500","marathon",0.492813141683778
"ArneJohn",276,223,440,"5SEK",440,"100-500","marathon",0.506818181818182
"ArneJohn",66,248,499,"2EUR",499,"100-500","marathon",0.496993987975952
"ArneJohn",277,251,501,"2EUR",501,"500-1000","marathon",0.500998003992016
"ArneJohn",65,244,460,"5SEK",460,"100-500","marathon",0.530434782608696
"ArneJohn",279,228,496,"0.50EUR",496,"100-500","marathon",0.459677419354839
"BohanFu",70,278,516,"0.20EUR",516,"500-1000","marathon",0.538759689922481
"BohanFu",282,63,143,"0.02EUR",143,"100-500","marathon",0.440559440559441
"BohanFu",280,231,455,"0.50EUR",455,"100-500","marathon",0.507692307692308
"BohanFu",69,224,445,"0.50EUR",445,"100-500","marathon",0.503370786516854
"BohanFu",71,78,157,"0.02EUR",157,"100-500","marathon",0.496815286624204
"BohanFu",281,244,484,"0.20EUR",484,"100-500","marathon",0.504132231404959
"ChrisGabrielIslam",396,463,979,"5JPY",979,"500-1000","marathon",0.472931562819203
"ChrisGabrielIslam",397,500,991,"2BDT",991,"500-1000","marathon",0.504540867810293
"ChrisGabrielIslam",398,504,998,"0.10RON",998,"500-1000","marathon",0.50501002004008
"ChrisGabrielIslam",400,495,1006,"5SEK",1006,"1000-2000","marathon",0.492047713717694
"ChrisGabrielIslam",186,523,1012,"2BDT",1012,"1000-2000","marathon",0.516798418972332
"ChrisGabrielIslam",187,506,1003,"0.10RON",1003,"1000-2000","marathon",0.504486540378863
"ChrisGabrielIslam",188,525,1030,"1EUR",1030,"1000-2000","marathon",0.509708737864078
"ChrisGabrielIslam",189,482,995,"5SEK",995,"500-1000","marathon",0.484422110552764
"ChrisGabrielIslam",185,510,1021,"5JPY",1021,"1000-2000","marathon",0.49951028403526
"ChrisGabrielIslam",399,463,970,"1EUR",970,"500-1000","marathon",0.477319587628866
"EJ",285,234,496,"0.50EUR",496,"100-500","marathon",0.471774193548387
"EJ",284,267,513,"1EUR",513,"500-1000","marathon",0.52046783625731
"EJ",72,206,427,"2EUR",427,"100-500","marathon",0.482435597189696
"EJ",74,245,504,"0.50EUR",504,"500-1000","marathon",0.486111111111111
"EJ",73,243,487,"1EUR",487,"100-500","marathon",0.498973305954825
"EJ",287,68,113,"50CZK",113,"100-500","marathon",0.601769911504425
"EJ",283,256,473,"2EUR",473,"100-500","marathon",0.54122621564482
"EJ",75,275,521,"0.20EUR",521,"500-1000","marathon",0.527831094049904
"EJ",76,43,87,"50CZK",87,"<100","marathon",0.494252873563218
"EJ",286,234,479,"0.20EUR",479,"100-500","marathon",0.488517745302714
"FelipeFontanaVieira",411,661,1367,"0.50EUR",1367,"1000-2000","internet",0.483540599853694
"FelipeFontanaVieira",200,637,1336,"0.50EUR",1336,"1000-2000","internet",0.476796407185629
"FelipeFontanaVieira",201,276,590,"1EUR",590,"500-1000","internet",0.467796610169492
"FelipeFontanaVieira",202,1589,3103,"2EUR",3103,"2000-5000","internet",0.512085078955849
"FelipeFontanaVieira",412,297,611,"1EUR",611,"500-1000","internet",0.486088379705401
"FelipeFontanaVieira",413,1497,3008,"2EUR",3008,"2000-5000","internet",0.497672872340426
"FranziskaAssion",83,248,462,"2EUR",462,"100-500","marathon",0.536796536796537
"FranziskaAssion",81,241,466,"1DEM",466,"100-500","marathon",0.517167381974249
"FranziskaAssion",291,261,461,"1EUR",461,"100-500","marathon",0.566160520607375
"FranziskaAssion",82,261,492,"0.20EUR",492,"100-500","marathon",0.530487804878049
"FranziskaAssion",80,240,439,"1EUR",439,"100-500","marathon",0.546697038724374
"FranziskaAssion",294,221,438,"2EUR",438,"100-500","marathon",0.504566210045662
"FranziskaAssion",292,307,534,"1DEM",534,"500-1000","marathon",0.574906367041198
"FranziskaAssion",293,276,508,"0.20EUR",508,"500-1000","marathon",0.543307086614173
"FranziskaNippold",205,283,546,"2INR",546,"500-1000","internet",0.518315018315018
"FranziskaNippold",415,278,566,"0.20EUR",566,"500-1000","internet",0.491166077738516
"FranziskaNippold",203,2095,4220,"0.50EUR",4220,"2000-5000","internet",0.496445497630332
"FranziskaNippold",204,256,539,"0.20EUR",539,"500-1000","internet",0.474953617810761
"FranziskaNippold",414,2225,4386,"0.50EUR",4386,"2000-5000","internet",0.507295941632467
"FranziskaNippold",416,231,500,"2INR",500,"100-500","internet",0.462
"FrederikAust",206,517,1084,"0.50EUR",1084,"1000-2000","internet",0.476937269372694
"FrederikAust",208,233,478,"1EUR",478,"100-500","internet",0.48744769874477
"FrederikAust",209,775,1523,"0.20EUR",1523,"1000-2000","internet",0.508864084044649
"FrederikAust",210,257,496,"0.10EUR",496,"100-500","internet",0.518145161290323
"FrederikAust",207,782,1626,"2EUR",1626,"1000-2000","internet",0.480934809348093
"FrederikAust",417,555,1116,"0.50EUR",1116,"1000-2000","internet",0.497311827956989
"FrederikAust",418,830,1674,"2EUR",1674,"1000-2000","internet",0.495818399044205
"FrederikAust",419,273,522,"1EUR",522,"500-1000","internet",0.522988505747126
"FrederikAust",420,731,1477,"0.20EUR",1477,"1000-2000","internet",0.494922139471903
"FrederikAust",421,266,504,"0.10EUR",504,"500-1000","internet",0.527777777777778
"HannahArmstrong",86,233,487,"1CAD",487,"100-500","marathon",0.478439425051335
"HannahArmstrong",297,259,513,"1CAD",513,"500-1000","marathon",0.504873294346979
"HannahArmstrong",295,257,472,"2CAD",472,"100-500","marathon",0.544491525423729
"HannahArmstrong",87,23,47,"0.25CAD",47,"<100","marathon",0.48936170212766
"HannahArmstrong",85,233,478,"2EUR",478,"100-500","marathon",0.48744769874477
"HannahArmstrong",296,277,522,"2EUR",522,"500-1000","marathon",0.530651340996169
"HannahArmstrong",84,215,428,"2CAD",428,"100-500","marathon",0.502336448598131
"HannahArmstrong",298,28,53,"0.25CAD",53,"<100","marathon",0.528301886792453
"JanYang",305,187,377,"0.20EUR",377,"100-500","marathon",0.496021220159151
"JanYang",94,231,423,"0.20EUR",423,"100-500","marathon",0.546099290780142
"JanYang",304,259,437,"0.50EUR",437,"100-500","marathon",0.592677345537757
"JanYang",93,279,454,"0.50EUR",454,"100-500","marathon",0.614537444933921
"JasonNak",358,184,354,"50CZK",354,"100-500","marathon",0.519774011299435
"JasonNak",354,236,487,"1CAD",487,"100-500","marathon",0.484599589322382
"JasonNak",356,230,501,"0.50EUR",501,"500-1000","marathon",0.459081836327345
"JasonNak",357,270,505,"10CZK",505,"500-1000","marathon",0.534653465346535
"JasonNak",353,237,483,"0.10EUR",483,"100-500","marathon",0.490683229813665
"JasonNak",143,261,513,"1CAD",513,"500-1000","marathon",0.508771929824561
"JasonNak",355,245,503,"2EUR",503,"500-1000","marathon",0.487077534791252
"JasonNak",141,255,497,"0.20EUR",497,"100-500","marathon",0.51307847082495
"JasonNak",142,272,517,"0.10EUR",517,"500-1000","marathon",0.526112185686654
"JasonNak",352,258,503,"0.20EUR",503,"500-1000","marathon",0.512922465208748
"JasonNak",147,174,346,"50CZK",346,"100-500","marathon",0.502890173410405
"JasonNak",144,239,497,"2EUR",497,"100-500","marathon",0.480885311871227
"JasonNak",145,230,499,"0.50EUR",499,"100-500","marathon",0.460921843687375
"JasonNak",146,261,495,"10CZK",495,"100-500","marathon",0.527272727272727
"JoycePang",97,93,199,"1SGD",199,"100-500","marathon",0.467336683417085
"JoycePang",307,233,490,"0.20EUR",490,"100-500","marathon",0.475510204081633
"JoycePang",308,94,201,"1SGD",201,"100-500","marathon",0.467661691542289
"JoycePang",306,211,433,"0.50SGD",433,"100-500","marathon",0.48729792147806
"JoycePang",95,245,467,"0.50SGD",467,"100-500","marathon",0.524625267665953
"JoycePang",96,250,510,"0.20EUR",510,"500-1000","marathon",0.490196078431373
"KarolineH",367,121,243,"0.25USD",243,"100-500","marathon",0.497942386831276
"KarolineH",153,225,472,"50CZK",472,"100-500","marathon",0.476694915254237
"KarolineH",154,511,1008,"2EUR",1008,"1000-2000","marathon",0.506944444444444
"KarolineH",155,243,502,"10CZK",502,"500-1000","marathon",0.48406374501992
"KarolineH",156,138,257,"0.25USD",257,"100-500","marathon",0.536964980544747
"KarolineH",363,252,499,"1EUR",499,"100-500","marathon",0.50501002004008
"KarolineH",364,282,528,"50CZK",528,"500-1000","marathon",0.534090909090909
"KarolineH",365,494,992,"2EUR",992,"500-1000","marathon",0.497983870967742
"KarolineH",366,242,498,"10CZK",498,"100-500","marathon",0.485943775100402
"KarolineH",152,253,501,"1EUR",501,"500-1000","marathon",0.50499001996008
"KatharinaKarnbach",368,224,483,"1CHF",483,"100-500","marathon",0.463768115942029
"KatharinaKarnbach",369,231,480,"1GBP",480,"100-500","marathon",0.48125
"KatharinaKarnbach",370,244,488,"0.50EUR",488,"100-500","marathon",0.5
"KatharinaKarnbach",371,274,509,"1EUR",509,"500-1000","marathon",0.538310412573674
"KatharinaKarnbach",157,260,517,"1CHF",517,"500-1000","marathon",0.502901353965184
"KatharinaKarnbach",158,269,520,"1GBP",520,"500-1000","marathon",0.517307692307692
"KatharinaKarnbach",159,266,512,"0.50EUR",512,"500-1000","marathon",0.51953125
"KatharinaKarnbach",160,254,491,"1EUR",491,"100-500","marathon",0.517311608961303
"KatharinaKarnbach",161,87,188,"2EUR",188,"100-500","marathon",0.462765957446808
"KatharinaKarnbach",372,111,212,"2EUR",212,"100-500","marathon",0.523584905660377
"KoenDerks",162,267,505,"0.50EUR",505,"500-1000","marathon",0.528712871287129
"KoenDerks",164,250,496,"2EUR",496,"100-500","marathon",0.504032258064516
"KoenDerks",165,221,472,"1EUR",472,"100-500","marathon",0.468220338983051
"KoenDerks",166,266,491,"1CAD",491,"100-500","marathon",0.541751527494908
"KoenDerks",163,252,496,"0.20EUR",496,"100-500","marathon",0.508064516129032
"KoenDerks",168,93,192,"0.20GEL",192,"100-500","marathon",0.484375
"KoenDerks",374,258,504,"0.20EUR",504,"500-1000","marathon",0.511904761904762
"KoenDerks",375,256,504,"2EUR",504,"500-1000","marathon",0.507936507936508
"KoenDerks",167,273,511,"0.10EUR",511,"500-1000","marathon",0.534246575342466
"KoenDerks",373,258,495,"0.50EUR",495,"100-500","marathon",0.521212121212121
"KoenDerks",378,248,489,"0.10EUR",489,"100-500","marathon",0.507157464212679
"KoenDerks",379,110,208,"0.20GEL",208,"100-500","marathon",0.528846153846154
"KoenDerks",376,276,528,"1EUR",528,"500-1000","marathon",0.522727272727273
"KoenDerks",377,281,509,"1CAD",509,"500-1000","marathon",0.552062868369352
"MagdaMatetovici",314,33,52,"1CAD",52,"<100","marathon",0.634615384615385
"MagdaMatetovici",98,223,433,"0.50RON",433,"100-500","marathon",0.515011547344111
"MagdaMatetovici",101,262,499,"2CAD",499,"100-500","marathon",0.525050100200401
"MagdaMatetovici",102,233,481,"2EUR",481,"100-500","marathon",0.484407484407484
"MagdaMatetovici",312,263,501,"2CAD",501,"500-1000","marathon",0.524950099800399
"MagdaMatetovici",309,198,411,"0.50RON",411,"100-500","marathon",0.481751824817518
"MagdaMatetovici",99,256,508,"0.50EUR",508,"500-1000","marathon",0.503937007874016
"MagdaMatetovici",100,241,488,"5SEK",488,"100-500","marathon",0.493852459016393
"MagdaMatetovici",310,239,492,"0.50EUR",492,"100-500","marathon",0.485772357723577
"MagdaMatetovici",313,268,519,"2EUR",519,"500-1000","marathon",0.516377649325626
"MagdaMatetovici",103,29,48,"1CAD",48,"<100","marathon",0.604166666666667
"MagdaMatetovici",311,265,512,"5SEK",512,"500-1000","marathon",0.517578125
"MalteZoubek",406,252,496,"2ILS",496,"100-500","marathon",0.508064516129032
"MalteZoubek",407,245,493,"0.25BRL",493,"100-500","marathon",0.496957403651116
"MalteZoubek",405,750,1493,"5SEK",1493,"1000-2000","marathon",0.502344273275285
"MalteZoubek",195,262,504,"2ILS",504,"500-1000","marathon",0.51984126984127
"MalteZoubek",196,260,507,"0.25BRL",507,"500-1000","marathon",0.512820512820513
"MalteZoubek",193,260,523,"0.20CHF",523,"500-1000","marathon",0.497131931166348
"MalteZoubek",194,758,1507,"5SEK",1507,"1000-2000","marathon",0.502986065029861
"MalteZoubek",401,538,1018,"1EUR",1018,"1000-2000","marathon",0.528487229862475
"MalteZoubek",402,492,976,"2BDT",976,"500-1000","marathon",0.504098360655738
"MalteZoubek",403,232,490,"0.50EUR",490,"100-500","marathon",0.473469387755102
"MalteZoubek",404,219,477,"0.20CHF",477,"100-500","marathon",0.459119496855346
"MalteZoubek",190,500,982,"1EUR",982,"500-1000","marathon",0.509164969450102
"MalteZoubek",191,540,1024,"2BDT",1024,"1000-2000","marathon",0.52734375
"MalteZoubek",192,251,510,"0.50EUR",510,"500-1000","marathon",0.492156862745098
"MaraBialas",316,255,472,"0.50EUR",472,"100-500","marathon",0.540254237288136
"MaraBialas",317,232,453,"10CZK",453,"100-500","marathon",0.512141280353201
"MaraBialas",315,211,433,"2EUR",433,"100-500","marathon",0.48729792147806
"MaraBialas",104,244,467,"2EUR",467,"100-500","marathon",0.522483940042827
"MaraBialas",105,253,473,"0.50EUR",473,"100-500","marathon",0.534883720930233
"MaraBialas",106,231,452,"10CZK",452,"100-500","marathon",0.511061946902655
"MichelleDonzallaz",169,253,501,"2EUR",501,"500-1000","marathon",0.50499001996008
"MichelleDonzallaz",170,263,497,"50CZK",497,"100-500","marathon",0.529175050301811
"MichelleDonzallaz",380,253,499,"2EUR",499,"100-500","marathon",0.507014028056112
"MichelleDonzallaz",381,269,503,"50CZK",503,"500-1000","marathon",0.534791252485089
"MichelleDonzallaz",382,253,494,"0.50EUR",494,"100-500","marathon",0.512145748987854
"MichelleDonzallaz",383,268,504,"1EUR",504,"500-1000","marathon",0.531746031746032
"MichelleDonzallaz",384,63,143,"0.05EUR",143,"100-500","marathon",0.440559440559441
"MichelleDonzallaz",171,262,506,"0.50EUR",506,"500-1000","marathon",0.517786561264822
"MichelleDonzallaz",172,262,496,"1EUR",496,"100-500","marathon",0.528225806451613
"MichelleDonzallaz",173,78,157,"0.05EUR",157,"100-500","marathon",0.496815286624204
"RietvanBork",385,249,489,"0.05EUR",489,"100-500","marathon",0.50920245398773
"RietvanBork",174,269,511,"0.05EUR",511,"500-1000","marathon",0.526418786692759
"RietvanBork",175,238,485,"1CHF",485,"100-500","marathon",0.490721649484536
"RietvanBork",176,248,503,"0.20GEL",503,"500-1000","marathon",0.493041749502982
"RietvanBork",177,121,277,"0.50EUR",277,"100-500","marathon",0.436823104693141
"RietvanBork",388,167,323,"0.50EUR",323,"100-500","marathon",0.51702786377709
"RietvanBork",386,267,515,"1CHF",515,"500-1000","marathon",0.518446601941748
"RietvanBork",387,242,497,"0.20GEL",497,"100-500","marathon",0.48692152917505
"RoyMichaelMoore",110,245,504,"2EUR",504,"500-1000","marathon",0.486111111111111
"RoyMichaelMoore",109,254,488,"0.50EUR",488,"100-500","marathon",0.520491803278688
"RoyMichaelMoore",318,253,462,"0.20EUR",462,"100-500","marathon",0.547619047619048
"RoyMichaelMoore",320,274,512,"0.50EUR",512,"500-1000","marathon",0.53515625
"RoyMichaelMoore",321,234,496,"2EUR",496,"100-500","marathon",0.471774193548387
"RoyMichaelMoore",108,244,479,"1EUR",479,"100-500","marathon",0.509394572025052
"RoyMichaelMoore",319,288,521,"1EUR",521,"500-1000","marathon",0.55278310940499
"RoyMichaelMoore",107,228,438,"0.20EUR",438,"100-500","marathon",0.520547945205479
"SaraShabani",408,896,1914,"1EUR",1914,"1000-2000","marathon",0.468129571577847
"SaraShabani",409,756,1474,"5SEK",1474,"1000-2000","marathon",0.512890094979647
"SaraShabani",410,755,1505,"0.25BRL",1505,"1000-2000","marathon",0.501661129568106
"SaraShabani",197,1073,2086,"1EUR",2086,"2000-5000","marathon",0.5143815915628
"SaraShabani",198,802,1526,"5SEK",1526,"1000-2000","marathon",0.525557011795544
"SaraShabani",199,740,1495,"0.25BRL",1495,"1000-2000","marathon",0.494983277591973
"SjoerdTerpstra",115,277,514,"5SEK",514,"500-1000","marathon",0.538910505836576
"SjoerdTerpstra",324,249,501,"2EUR",501,"500-1000","marathon",0.497005988023952
"SjoerdTerpstra",113,252,499,"2EUR",499,"100-500","marathon",0.50501002004008
"SjoerdTerpstra",114,247,495,"1CAD",495,"100-500","marathon",0.498989898989899
"SjoerdTerpstra",323,244,495,"0.50EUR",495,"100-500","marathon",0.492929292929293
"SjoerdTerpstra",322,223,479,"0.50RON",479,"100-500","marathon",0.465553235908142
"SjoerdTerpstra",112,251,505,"0.50EUR",505,"500-1000","marathon",0.497029702970297
"SjoerdTerpstra",325,253,505,"1CAD",505,"500-1000","marathon",0.500990099009901
"SjoerdTerpstra",326,250,486,"5SEK",486,"100-500","marathon",0.51440329218107
"SjoerdTerpstra",111,264,521,"0.50RON",521,"500-1000","marathon",0.506717850287908
"TheresaLeidinger",330,162,310,"1CAD",310,"100-500","marathon",0.52258064516129
"TheresaLeidinger",119,144,290,"1CAD",290,"100-500","marathon",0.496551724137931
"TheresaLeidinger",328,256,527,"2CAD",527,"500-1000","marathon",0.485768500948767
"TheresaLeidinger",116,244,461,"2EUR",461,"100-500","marathon",0.529284164859002
"TheresaLeidinger",118,206,436,"0.25USD",436,"100-500","marathon",0.472477064220183
"TheresaLeidinger",329,236,464,"0.25USD",464,"100-500","marathon",0.508620689655172
"TheresaLeidinger",117,301,573,"2CAD",573,"500-1000","marathon",0.525305410122164
"TheresaLeidinger",327,220,439,"2EUR",439,"100-500","marathon",0.501138952164009
"ThomasBastelica",179,230,482,"2EUR",482,"100-500","marathon",0.477178423236515
"ThomasBastelica",393,245,483,"1CAD",483,"100-500","marathon",0.507246376811594
"ThomasBastelica",389,283,524,"0.10EUR",524,"500-1000","marathon",0.540076335877863
"ThomasBastelica",180,251,501,"50CZK",501,"500-1000","marathon",0.500998003992016
"ThomasBastelica",181,224,472,"1CHF",472,"100-500","marathon",0.474576271186441
"ThomasBastelica",182,279,517,"1CAD",517,"500-1000","marathon",0.539651837524178
"ThomasBastelica",178,237,476,"0.10EUR",476,"100-500","marathon",0.497899159663866
"ThomasBastelica",390,265,518,"2EUR",518,"500-1000","marathon",0.511583011583012
"ThomasBastelica",391,247,499,"50CZK",499,"100-500","marathon",0.49498997995992
"ThomasBastelica",392,279,528,"1CHF",528,"500-1000","marathon",0.528409090909091
"TianqiPeng",331,246,437,"1EUR",437,"100-500","marathon",0.562929061784897
"TianqiPeng",121,257,448,"0.20EUR",448,"100-500","marathon",0.573660714285714
"TianqiPeng",332,364,552,"0.20EUR",552,"500-1000","marathon",0.659420289855073
"TianqiPeng",120,271,463,"1EUR",463,"100-500","marathon",0.585313174946004
"TianqiPeng",333,292,470,"0.50EUR",470,"100-500","marathon",0.621276595744681
"TianqiPeng",122,252,430,"0.50EUR",430,"100-500","marathon",0.586046511627907
"TingPan",334,220,440,"2EUR",440,"100-500","marathon",0.5
"TingPan",125,224,472,"0.05EUR",472,"100-500","marathon",0.474576271186441
"TingPan",123,240,460,"2EUR",460,"100-500","marathon",0.521739130434783
"TingPan",124,316,549,"0.50SGD",549,"500-1000","marathon",0.575591985428051
"TingPan",126,75,146,"1EUR",146,"100-500","marathon",0.513698630136986
"TingPan",336,281,528,"0.05EUR",528,"500-1000","marathon",0.53219696969697
"TingPan",337,81,154,"1EUR",154,"100-500","marathon",0.525974025974026
"TingPan",335,221,451,"0.50SGD",451,"100-500","marathon",0.490022172949002
"VincentOtt",128,232,468,"2EUR",468,"100-500","marathon",0.495726495726496
"VincentOtt",127,236,444,"1EUR",444,"100-500","marathon",0.531531531531532
"VincentOtt",129,210,467,"0.50EUR",467,"100-500","marathon",0.449678800856531
"VincentOtt",130,242,491,"0.20GBP",491,"100-500","marathon",0.492871690427699
"VincentOtt",338,247,456,"1EUR",456,"100-500","marathon",0.541666666666667
"VincentOtt",339,292,532,"2EUR",532,"500-1000","marathon",0.548872180451128
"VincentOtt",342,255,517,"1DEM",517,"500-1000","marathon",0.493230174081238
"VincentOtt",341,263,509,"0.20GBP",509,"500-1000","marathon",0.516699410609037
"VincentOtt",340,275,533,"0.50EUR",533,"500-1000","marathon",0.515947467166979
"VincentOtt",131,223,483,"1DEM",483,"100-500","marathon",0.461697722567288
"XiaochangZhao",344,273,506,"0.50EUR",506,"500-1000","marathon",0.539525691699605
"XiaochangZhao",345,284,522,"0.20EUR",522,"500-1000","marathon",0.544061302681992
"XiaochangZhao",132,247,436,"0.50SGD",436,"100-500","marathon",0.56651376146789
"XiaochangZhao",133,260,494,"0.50EUR",494,"100-500","marathon",0.526315789473684
"XiaochangZhao",343,256,445,"0.50SGD",445,"100-500","marathon",0.575280898876405
"XiaochangZhao",346,155,299,"2EUR",299,"100-500","marathon",0.518394648829431
"XiaochangZhao",134,236,478,"0.20EUR",478,"100-500","marathon",0.493723849372385
"XiaochangZhao",135,158,301,"2EUR",301,"100-500","marathon",0.524916943521595
"XiaoyiLin",348,192,351,"0.20EUR",351,"100-500","marathon",0.547008547008547
"XiaoyiLin",347,213,460,"0.50EUR",460,"100-500","marathon",0.46304347826087
"XiaoyiLin",137,187,349,"0.20EUR",349,"100-500","marathon",0.535816618911175
"XiaoyiLin",136,188,440,"0.50EUR",440,"100-500","marathon",0.427272727272727
"adamF",222,1910,3680,"5ZAR",3680,"2000-5000","marathon",0.519021739130435
"adamF",12,301,528,"0.05EUR",528,"500-1000","marathon",0.570075757575758
"adamF",223,249,475,"0.05EUR",475,"100-500","marathon",0.524210526315789
"adamF",11,1875,3645,"5ZAR",3645,"2000-5000","marathon",0.51440329218107
"alexandraS",59,284,521,"0.50EUR",521,"500-1000","marathon",0.54510556621881
"alexandraS",8,2215,4177,"1MXN",4177,"2000-5000","marathon",0.530284893464209
"alexandraS",56,758,1504,"2EUR",1504,"1000-2000","marathon",0.503989361702128
"alexandraS",265,255,506,"1EUR",506,"500-1000","marathon",0.50395256916996
"alexandraS",270,242,479,"0.50EUR",479,"100-500","marathon",0.505219206680585
"alexandraS",271,250,498,"0.20EUR",498,"100-500","marathon",0.502008032128514
"alexandraS",267,748,1496,"2EUR",1496,"1000-2000","marathon",0.5
"alexandraS",58,289,530,"10CZK",530,"500-1000","marathon",0.545283018867925
"alexandraS",219,2292,4257,"1MXN",4257,"2000-5000","marathon",0.538407329105004
"alexandraS",60,255,502,"0.20EUR",502,"500-1000","marathon",0.50796812749004
"alexandraS",55,249,501,"1DEM",501,"500-1000","marathon",0.497005988023952
"alexandraS",268,258,499,"1CAD",499,"100-500","marathon",0.517034068136273
"alexandraS",266,249,499,"1DEM",499,"100-500","marathon",0.498997995991984
"alexandraS",269,230,470,"10CZK",470,"100-500","marathon",0.48936170212766
"alexandraS",54,247,494,"1EUR",494,"100-500","marathon",0.5
"alexandraS",57,259,501,"1CAD",501,"500-1000","marathon",0.516966067864271
"amirS",29,752,1519,"0.50EUR",1519,"1000-2000","bachelor",0.49506254114549
"amirS",25,514,1006,"5MAD",1006,"1000-2000","bachelor",0.510934393638171
"amirS",28,495,984,"0.05NZD",984,"500-1000","bachelor",0.503048780487805
"amirS",26,762,1503,"2MAD",1503,"1000-2000","bachelor",0.506986027944112
"amirS",237,756,1497,"2MAD",1497,"1000-2000","bachelor",0.50501002004008
"amirS",27,505,1015,"1MAD",1015,"1000-2000","bachelor",0.497536945812808
"amirS",241,715,1492,"1EUR",1492,"1000-2000","bachelor",0.479222520107239
"amirS",240,715,1481,"0.50EUR",1481,"1000-2000","bachelor",0.482781904118839
"amirS",238,476,985,"1MAD",985,"500-1000","bachelor",0.483248730964467
"amirS",239,538,1027,"0.05NZD",1027,"1000-2000","bachelor",0.523855890944499
"amirS",236,502,995,"5MAD",995,"500-1000","bachelor",0.504522613065327
"amirS",30,728,1508,"1EUR",1508,"1000-2000","bachelor",0.482758620689655
"davidKL",256,3992,7544,"1SGD",7544,">5000","bachelor",0.52916224814422
"davidKL",45,3903,7456,"1SGD",7456,">5000","bachelor",0.523471030042919
"davidV",243,695,1349,"1EUR",1349,"1000-2000","bachelor",0.515196441808747
"davidV",244,815,1640,"0.05EUR",1640,"1000-2000","bachelor",0.496951219512195
"davidV",33,802,1571,"0.05EUR",1571,"1000-2000","bachelor",0.510502864417568
"davidV",245,399,823,"0.50EUR",823,"500-1000","bachelor",0.484811664641555
"davidV",246,1008,1904,"0.10EUR",1904,"1000-2000","bachelor",0.529411764705882
"davidV",242,1117,2251,"0.20EUR",2251,"2000-5000","bachelor",0.496223900488672
"davidV",32,752,1476,"1EUR",1476,"1000-2000","bachelor",0.509485094850949
"davidV",34,449,874,"0.50EUR",874,"500-1000","bachelor",0.513729977116705
"davidV",35,862,1756,"0.10EUR",1756,"1000-2000","bachelor",0.490888382687927
"davidV",31,687,1355,"0.20EUR",1355,"1000-2000","bachelor",0.507011070110701
"frantisekB",0,244,485,"20DEM-silver",485,"100-500","marathon",0.503092783505155
"frantisekB",1,260,505,"1CZK",505,"500-1000","marathon",0.514851485148515
"frantisekB",2,209,469,"5CZK",469,"100-500","marathon",0.445628997867804
"frantisekB",3,530,1021,"0.25USD",1021,"1000-2000","marathon",0.519098922624878
"frantisekB",4,533,1039,"10CZK",1039,"1000-2000","marathon",0.512993262752647
"frantisekB",5,745,1493,"0.50EUR",1493,"1000-2000","marathon",0.498995311453449
"frantisekB",6,975,1948,"1EUR",1948,"1000-2000","marathon",0.500513347022587
"frantisekB",289,274,509,"0.20EUR",509,"500-1000","marathon",0.538310412573674
"frantisekB",290,424,802,"50CZK",802,"500-1000","marathon",0.528678304239402
"frantisekB",214,484,979,"0.25USD",979,"500-1000","marathon",0.49438202247191
"frantisekB",211,275,515,"20DEM-silver",515,"500-1000","marathon",0.533980582524272
"frantisekB",212,250,495,"1CZK",495,"100-500","marathon",0.505050505050505
"frantisekB",213,271,531,"5CZK",531,"500-1000","marathon",0.510357815442561
"frantisekB",138,278,522,"0.20GEL",522,"500-1000","marathon",0.532567049808429
"frantisekB",215,454,961,"10CZK",961,"500-1000","marathon",0.472424557752341
"frantisekB",216,756,1507,"0.50EUR",1507,"1000-2000","marathon",0.501658925016589
"frantisekB",217,981,1952,"1EUR",1952,"1000-2000","marathon",0.502561475409836
"frantisekB",78,253,491,"0.20EUR",491,"100-500","marathon",0.515274949083503
"frantisekB",79,415,798,"50CZK",798,"500-1000","marathon",0.520050125313283
"frantisekB",349,231,478,"0.20GEL",478,"100-500","marathon",0.48326359832636
"frantisekB",288,651,1301,"1CAD",1301,"1000-2000","marathon",0.500384319754035
"frantisekB",77,655,1299,"1CAD",1299,"1000-2000","marathon",0.50423402617398
"henrikG",89,566,1056,"10CZK",1056,"1000-2000","marathon",0.535984848484849
"henrikG",302,240,503,"0.01GBP",503,"500-1000","marathon",0.47713717693837
"henrikG",92,253,512,"50CZK",512,"500-1000","marathon",0.494140625
"henrikG",351,227,481,"0.50EUR",481,"100-500","marathon",0.471933471933472
"henrikG",301,252,508,"1DEM",508,"500-1000","marathon",0.496062992125984
"henrikG",221,2390,4658,"2EUR",4658,"2000-5000","marathon",0.513095749248605
"henrikG",91,235,497,"0.01GBP",497,"100-500","marathon",0.472837022132797
"henrikG",88,261,509,"1EUR",509,"500-1000","marathon",0.512770137524558
"henrikG",303,230,488,"50CZK",488,"100-500","marathon",0.471311475409836
"henrikG",90,235,492,"1DEM",492,"100-500","marathon",0.477642276422764
"henrikG",140,262,519,"0.50EUR",519,"500-1000","marathon",0.504816955684008
"henrikG",300,452,944,"10CZK",944,"500-1000","marathon",0.478813559322034
"henrikG",10,2349,4624,"2EUR",4624,"2000-5000","marathon",0.508001730103806
"henrikG",350,235,458,"1CAD",458,"100-500","marathon",0.513100436681223
"henrikG",299,241,491,"1EUR",491,"100-500","marathon",0.490835030549898
"henrikG",139,221,442,"1CAD",442,"100-500","marathon",0.5
"ingeborgR",7,2132,4262,"2HRK",4262,"2000-5000","marathon",0.500234631628343
"ingeborgR",218,2208,4334,"2HRK",4334,"2000-5000","marathon",0.509460083064144
"irmaT",250,165,338,"1EUR",338,"100-500","bachelor",0.488165680473373
"irmaT",39,188,363,"1EUR",363,"100-500","bachelor",0.517906336088154
"jillR",225,157,304,"0.20GEL",304,"100-500","marathon",0.516447368421053
"jillR",14,152,298,"0.20GEL",298,"100-500","marathon",0.51006711409396
"jillR",224,1485,2939,"0.20EUR",2939,"2000-5000","marathon",0.505273902687989
"jillR",13,1467,2922,"0.20EUR",2922,"2000-5000","marathon",0.502053388090349
"jonasP",150,248,495,"10CZK",495,"100-500","marathon",0.501010101010101
"jonasP",362,265,510,"2EUR",510,"500-1000","marathon",0.519607843137255
"jonasP",151,246,490,"2EUR",490,"100-500","marathon",0.502040816326531
"jonasP",149,257,506,"1CAD",506,"500-1000","marathon",0.507905138339921
"jonasP",226,1542,3008,"0.20GEL",3008,"2000-5000","marathon",0.512632978723404
"jonasP",361,255,505,"10CZK",505,"500-1000","marathon",0.504950495049505
"jonasP",15,1517,2988,"0.20GEL",2988,"2000-5000","marathon",0.507697456492637
"jonasP",148,278,525,"0.50EUR",525,"500-1000","marathon",0.52952380952381
"jonasP",360,245,494,"1CAD",494,"100-500","marathon",0.495951417004049
"jonasP",359,227,475,"0.50EUR",475,"100-500","marathon",0.477894736842105
"kaleemU",251,609,1244,"0.20EUR",1244,"1000-2000","bachelor",0.489549839228296
"kaleemU",42,504,1025,"0.20GBP",1025,"1000-2000","bachelor",0.491707317073171
"kaleemU",36,342,720,"2EUR",720,"500-1000","bachelor",0.475
"kaleemU",249,484,994,"0.50EUR",994,"500-1000","bachelor",0.48692152917505
"kaleemU",40,623,1257,"0.20EUR",1257,"1000-2000","bachelor",0.495624502784407
"kaleemU",37,416,871,"1EUR",871,"500-1000","bachelor",0.477611940298507
"kaleemU",43,382,765,"0.50GBP",765,"500-1000","bachelor",0.499346405228758
"kaleemU",44,356,735,"2CHF",735,"500-1000","bachelor",0.484353741496599
"kaleemU",253,456,980,"0.20GBP",980,"500-1000","bachelor",0.46530612244898
"kaleemU",41,380,751,"0.10EUR",751,"500-1000","bachelor",0.505992010652463
"kaleemU",248,474,931,"1EUR",931,"500-1000","bachelor",0.509129967776584
"kaleemU",252,382,754,"0.10EUR",754,"500-1000","bachelor",0.506631299734748
"kaleemU",254,356,739,"0.50GBP",739,"500-1000","bachelor",0.481732070365359
"kaleemU",255,386,768,"2CHF",768,"500-1000","bachelor",0.502604166666667
"kaleemU",38,503,1008,"0.50EUR",1008,"1000-2000","bachelor",0.499007936507937
"kaleemU",247,403,782,"2EUR",782,"500-1000","bachelor",0.5153452685422
"madlenH",9,1769,3463,"0.50EUR",3463,"2000-5000","marathon",0.51082876118972
"madlenH",220,1936,3635,"0.50EUR",3635,"2000-5000","marathon",0.532599724896836
"pierreG",234,359,732,"1EUR",732,"500-1000","bachelor",0.490437158469945
"pierreG",21,769,1521,"2CHF",1521,"1000-2000","bachelor",0.505588428665352
"pierreG",233,395,766,"2EUR",766,"500-1000","bachelor",0.515665796344647
"pierreG",231,383,753,"5JPY",753,"500-1000","bachelor",0.50863213811421
"pierreG",229,366,742,"1CNY",742,"500-1000","bachelor",0.493261455525606
"pierreG",230,377,749,"100JPY",749,"500-1000","bachelor",0.503337783711616
"pierreG",232,727,1479,"2CHF",1479,"1000-2000","bachelor",0.491548343475321
"pierreG",22,364,734,"2EUR",734,"500-1000","bachelor",0.49591280653951
"pierreG",20,376,747,"5JPY",747,"500-1000","bachelor",0.50334672021419
"pierreG",19,380,751,"100JPY",751,"500-1000","bachelor",0.505992010652463
"pierreG",235,353,730,"0.50EUR",730,"500-1000","bachelor",0.483561643835616
"pierreG",16,386,769,"1CHF",769,"500-1000","bachelor",0.501950585175553
"pierreG",227,346,731,"1CHF",731,"500-1000","bachelor",0.473324213406293
"pierreG",18,381,758,"1CNY",758,"500-1000","bachelor",0.502638522427441
"pierreG",17,384,756,"5CZK",756,"500-1000","bachelor",0.507936507936508
"pierreG",228,375,744,"5CZK",744,"500-1000","bachelor",0.504032258064516
"pierreG",24,390,770,"0.50EUR",770,"500-1000","bachelor",0.506493506493506
"pierreG",23,395,768,"1EUR",768,"500-1000","bachelor",0.514322916666667
