"X","y","m","person","coin","group","total","total_category"
0,244,485,"frantisekB","20DEM-silver","top-up",485,"100-500"
1,260,505,"frantisekB","1CZK","top-up",505,"500-1000"
2,209,469,"frantisekB","5CZK","top-up",469,"100-500"
3,530,1021,"frantisekB","0.25USD","top-up",1021,"1000-2000"
4,533,1039,"frantisekB","10CZK","top-up",1039,"1000-2000"
5,745,1493,"frantisekB","0.50EUR","top-up",1493,"1000-2000"
6,975,1948,"frantisekB","1EUR","top-up",1948,"1000-2000"
7,2132,4262,"ingeborgR","2HRK","marathon",4262,">=2000"
8,2215,4177,"alexandraS","1MXN","top-up",4177,">=2000"
9,1769,3463,"madlenH","0.50EUR","marathon",3463,">=2000"
10,2349,4624,"henrikG","2EUR","marathon-PhD",4624,">=2000"
11,1875,3645,"adamF","5ZAR","marathon",3645,">=2000"
12,301,528,"adamF","0.05EUR","marathon",528,"500-1000"
13,1467,2922,"jillR","0.20EUR","marathon",2922,">=2000"
14,152,298,"jillR","0.20GEL","marathon",298,"100-500"
15,1517,2988,"jonasP","0.20GEL","marathon-PhD",2988,">=2000"
16,386,769,"pierreG","1CHF","bachelor",769,"500-1000"
17,384,756,"pierreG","5CZK","bachelor",756,"500-1000"
18,381,758,"pierreG","1CNY","bachelor",758,"500-1000"
19,380,751,"pierreG","100JPY","bachelor",751,"500-1000"
20,376,747,"pierreG","5JPY","bachelor",747,"500-1000"
21,769,1521,"pierreG","2CHF","bachelor",1521,"1000-2000"
22,364,734,"pierreG","2EUR","bachelor",734,"500-1000"
23,395,768,"pierreG","1EUR","bachelor",768,"500-1000"
24,390,770,"pierreG","0.50EUR","bachelor",770,"500-1000"
25,514,1006,"amirS","5MAD","bachelor",1006,"1000-2000"
26,762,1503,"amirS","2MAD","bachelor",1503,"1000-2000"
27,505,1015,"amirS","1MAD","bachelor",1015,"1000-2000"
28,495,984,"amirS","0.05NZD","bachelor",984,"500-1000"
29,752,1519,"amirS","0.50EUR","bachelor",1519,"1000-2000"
30,728,1508,"amirS","1EUR","bachelor",1508,"1000-2000"
31,687,1355,"davidV","0.20EUR","bachelor",1355,"1000-2000"
32,752,1476,"davidV","1EUR","bachelor",1476,"1000-2000"
33,802,1571,"davidV","0.05EUR","bachelor",1571,"1000-2000"
34,449,874,"davidV","0.50EUR","bachelor",874,"500-1000"
35,862,1756,"davidV","0.10EUR","bachelor",1756,"1000-2000"
36,342,720,"kaleemU","2EUR","bachelor",720,"500-1000"
37,416,871,"kaleemU","1EUR","bachelor",871,"500-1000"
38,503,1008,"kaleemU","0.50EUR","bachelor",1008,"1000-2000"
39,188,363,"irmaT","1EUR","bachelor",363,"100-500"
40,623,1257,"kaleemU","0.20EUR","bachelor",1257,"1000-2000"
41,380,751,"kaleemU","0.10EUR","bachelor",751,"500-1000"
42,504,1025,"kaleemU","0.20GBP","bachelor",1025,"1000-2000"
43,382,765,"kaleemU","0.50GBP","bachelor",765,"500-1000"
44,356,735,"kaleemU","2CHF","bachelor",735,"500-1000"
45,3903,7456,"davidKL","1SGD","bachelor",7456,">=2000"
46,483,949,"AaronLob","1EUR","marathon-MSc",949,"500-1000"
47,778,1502,"AaronLob","2EUR","marathon-MSc",1502,"1000-2000"
48,265,511,"AaronLob","0.20EUR","marathon-MSc",511,"500-1000"
49,285,525,"AaronLob","1DEM","marathon-MSc",525,"500-1000"
50,126,248,"AaronLob","0.50EUR","marathon-MSc",248,"100-500"
51,491,939,"AdrianKarami","0.20EUR","marathon-MSc",939,"500-1000"
52,241,491,"AdrianKarami","2EUR","marathon-MSc",491,"100-500"
53,148,273,"AdrianKarami","1GBP","marathon-MSc",273,"100-500"
54,247,494,"alexandraS","1EUR","top-up",494,"100-500"
55,249,501,"alexandraS","1DEM","top-up",501,"500-1000"
56,758,1504,"alexandraS","2EUR","top-up",1504,"1000-2000"
57,259,501,"alexandraS","1CAD","top-up",501,"500-1000"
58,289,530,"alexandraS","10CZK","top-up",530,"500-1000"
59,284,521,"alexandraS","0.50EUR","top-up",521,"500-1000"
60,255,502,"alexandraS","0.20EUR","top-up",502,"500-1000"
61,243,461,"AndreeaZetea","0.25USD","marathon-MSc",461,"100-500"
62,276,532,"AndreeaZetea","0.05EUR","marathon-MSc",532,"500-1000"
63,381,784,"AndreeaZetea","2EUR","marathon-MSc",784,"500-1000"
64,229,491,"AndreeaZetea","0.50RON","marathon-MSc",491,"100-500"
65,244,460,"ArneJohn","5SEK","marathon-MSc",460,"100-500"
66,248,499,"ArneJohn","2EUR","marathon-MSc",499,"100-500"
67,265,513,"ArneJohn","1EUR","marathon-MSc",513,"500-1000"
68,238,504,"ArneJohn","0.50EUR","marathon-MSc",504,"500-1000"
69,224,445,"BohanFu","0.50EUR","marathon-MSc",445,"100-500"
70,278,516,"BohanFu","0.20EUR","marathon-MSc",516,"500-1000"
71,78,157,"BohanFu","0.02EUR","marathon-MSc",157,"100-500"
72,206,427,"EJ","2EUR","marathon-MSc",427,"100-500"
73,243,487,"EJ","1EUR","marathon-MSc",487,"100-500"
74,245,504,"EJ","0.50EUR","marathon-MSc",504,"500-1000"
75,275,521,"EJ","0.20EUR","marathon-MSc",521,"500-1000"
76,43,87,"EJ","50CZK","marathon-MSc",87,"<100"
77,655,1299,"frantisekB","1CAD","top-up",1299,"1000-2000"
78,253,491,"frantisekB","0.20EUR","top-up",491,"100-500"
79,415,798,"frantisekB","50CZK","top-up",798,"500-1000"
80,240,439,"FranziskaAssion","1EUR","marathon-MSc",439,"100-500"
81,241,466,"FranziskaAssion","1DEM","marathon-MSc",466,"100-500"
82,261,492,"FranziskaAssion","0.20EUR","marathon-MSc",492,"100-500"
83,248,462,"FranziskaAssion","2EUR","marathon-MSc",462,"100-500"
84,215,428,"HannahArmstrong","2CAD","marathon-MSc",428,"100-500"
85,233,478,"HannahArmstrong","2EUR","marathon-MSc",478,"100-500"
86,233,487,"HannahArmstrong","1CAD","marathon-MSc",487,"100-500"
87,23,47,"HannahArmstrong","0.25CAD","marathon-MSc",47,"<100"
88,261,509,"henrikG","1EUR","marathon-PhD",509,"500-1000"
89,566,1056,"henrikG","10CZK","marathon-PhD",1056,"1000-2000"
90,235,492,"henrikG","1DEM","marathon-PhD",492,"100-500"
91,235,497,"henrikG","0.01GBP","marathon-PhD",497,"100-500"
92,253,512,"henrikG","50CZK","marathon-PhD",512,"500-1000"
93,279,454,"JanYang","0.50EUR","marathon-MSc",454,"100-500"
94,231,423,"JanYang","0.20EUR","marathon-MSc",423,"100-500"
95,245,467,"JoycePang","0.50SGD","marathon-MSc",467,"100-500"
96,250,510,"JoycePang","0.20EUR","marathon-MSc",510,"500-1000"
97,93,199,"JoycePang","1SGD","marathon-MSc",199,"100-500"
98,223,433,"MagdaMatetovici","0.50RON","marathon-MSc",433,"100-500"
99,256,508,"MagdaMatetovici","0.50EUR","marathon-MSc",508,"500-1000"
100,241,488,"MagdaMatetovici","5SEK","marathon-MSc",488,"100-500"
101,262,499,"MagdaMatetovici","2CAD","marathon-MSc",499,"100-500"
102,233,481,"MagdaMatetovici","2EUR","marathon-MSc",481,"100-500"
103,29,48,"MagdaMatetovici","1CAD","marathon-MSc",48,"<100"
104,244,467,"MaraBialas","2EUR","marathon-MSc",467,"100-500"
105,253,473,"MaraBialas","0.50EUR","marathon-MSc",473,"100-500"
106,231,452,"MaraBialas","10CZK","marathon-MSc",452,"100-500"
107,228,438,"RoyMichaelMoore","0.20EUR","marathon-MSc",438,"100-500"
108,244,479,"RoyMichaelMoore","1EUR","marathon-MSc",479,"100-500"
109,254,488,"RoyMichaelMoore","0.50EUR","marathon-MSc",488,"100-500"
110,245,504,"RoyMichaelMoore","2EUR","marathon-MSc",504,"500-1000"
111,264,521,"SjoerdTerpstra","0.50RON","marathon-MSc",521,"500-1000"
112,251,505,"SjoerdTerpstra","0.50EUR","marathon-MSc",505,"500-1000"
113,252,499,"SjoerdTerpstra","2EUR","marathon-MSc",499,"100-500"
114,247,495,"SjoerdTerpstra","1CAD","marathon-MSc",495,"100-500"
115,277,514,"SjoerdTerpstra","5SEK","marathon-MSc",514,"500-1000"
116,244,461,"TheresaLeidinger","2EUR","marathon-MSc",461,"100-500"
117,301,573,"TheresaLeidinger","2CAD","marathon-MSc",573,"500-1000"
118,206,436,"TheresaLeidinger","0.25USD","marathon-MSc",436,"100-500"
119,144,290,"TheresaLeidinger","1CAD","marathon-MSc",290,"100-500"
120,271,463,"TianqiPeng","1EUR","marathon-MSc",463,"100-500"
121,257,448,"TianqiPeng","0.20EUR","marathon-MSc",448,"100-500"
122,252,430,"TianqiPeng","0.50EUR","marathon-MSc",430,"100-500"
123,240,460,"TingPan","2EUR","marathon-MSc",460,"100-500"
124,316,549,"TingPan","0.50SGD","marathon-MSc",549,"500-1000"
125,224,472,"TingPan","0.05EUR","marathon-MSc",472,"100-500"
126,75,146,"TingPan","1EUR","marathon-MSc",146,"100-500"
127,236,444,"VincentOtt","1EUR","marathon-MSc",444,"100-500"
128,232,468,"VincentOtt","2EUR","marathon-MSc",468,"100-500"
129,210,467,"VincentOtt","0.50EUR","marathon-MSc",467,"100-500"
130,242,491,"VincentOtt","0.20GBP","marathon-MSc",491,"100-500"
131,223,483,"VincentOtt","1DEM","marathon-MSc",483,"100-500"
132,247,436,"XiaochangZhao","0.50SGD","marathon-MSc",436,"100-500"
133,260,494,"XiaochangZhao","0.50EUR","marathon-MSc",494,"100-500"
134,236,478,"XiaochangZhao","0.20EUR","marathon-MSc",478,"100-500"
135,158,301,"XiaochangZhao","2EUR","marathon-MSc",301,"100-500"
136,188,440,"XiaoyiLin","0.50EUR","marathon-MSc",440,"100-500"
137,187,349,"XiaoyiLin","0.20EUR","marathon-MSc",349,"100-500"
138,278,522,"frantisekB","0.20GEL","top-up",522,"500-1000"
139,221,442,"henrikG","1CAD","marathon-PhD",442,"100-500"
140,262,519,"henrikG","0.50EUR","marathon-PhD",519,"500-1000"
141,255,497,"JasonNak","0.20EUR","marathon-PhD",497,"100-500"
142,272,517,"JasonNak","0.10EUR","marathon-PhD",517,"500-1000"
143,261,513,"JasonNak","1CAD","marathon-PhD",513,"500-1000"
144,239,497,"JasonNak","2EUR","marathon-PhD",497,"100-500"
145,230,499,"JasonNak","0.50EUR","marathon-PhD",499,"100-500"
146,261,495,"JasonNak","10CZK","marathon-PhD",495,"100-500"
147,174,346,"JasonNak","50CZK","marathon-PhD",346,"100-500"
148,278,525,"jonasP","0.50EUR","marathon-PhD",525,"500-1000"
149,257,506,"jonasP","1CAD","marathon-PhD",506,"500-1000"
150,248,495,"jonasP","10CZK","marathon-PhD",495,"100-500"
151,246,490,"jonasP","2EUR","marathon-PhD",490,"100-500"
152,253,501,"KarolineH","1EUR","marathon-PhD",501,"500-1000"
153,225,472,"KarolineH","50CZK","marathon-PhD",472,"100-500"
154,511,1008,"KarolineH","2EUR","marathon-PhD",1008,"1000-2000"
155,243,502,"KarolineH","10CZK","marathon-PhD",502,"500-1000"
156,138,257,"KarolineH","0.25USD","marathon-PhD",257,"100-500"
157,260,517,"KatharinaKarnbach","1CHF","marathon-PhD",517,"500-1000"
158,269,520,"KatharinaKarnbach","1GBP","marathon-PhD",520,"500-1000"
159,266,512,"KatharinaKarnbach","0.50EUR","marathon-PhD",512,"500-1000"
160,254,491,"KatharinaKarnbach","1EUR","marathon-PhD",491,"100-500"
161,87,188,"KatharinaKarnbach","2EUR","marathon-PhD",188,"100-500"
162,267,505,"KoenDerks","0.50EUR","marathon-PhD",505,"500-1000"
163,252,496,"KoenDerks","0.20EUR","marathon-PhD",496,"100-500"
164,250,496,"KoenDerks","2EUR","marathon-PhD",496,"100-500"
165,221,472,"KoenDerks","1EUR","marathon-PhD",472,"100-500"
166,266,491,"KoenDerks","1CAD","marathon-PhD",491,"100-500"
167,273,511,"KoenDerks","0.10EUR","marathon-PhD",511,"500-1000"
168,93,192,"KoenDerks","0.20GEL","marathon-PhD",192,"100-500"
169,253,501,"MichelleDonzallaz","2EUR","marathon-PhD",501,"500-1000"
170,263,497,"MichelleDonzallaz","50CZK","marathon-PhD",497,"100-500"
171,262,506,"MichelleDonzallaz","0.50EUR","marathon-PhD",506,"500-1000"
172,262,496,"MichelleDonzallaz","1EUR","marathon-PhD",496,"100-500"
173,78,157,"MichelleDonzallaz","0.05EUR","marathon-PhD",157,"100-500"
174,269,511,"RietvanBork","0.05EUR","marathon-PhD",511,"500-1000"
175,238,485,"RietvanBork","1CHF","marathon-PhD",485,"100-500"
176,248,503,"RietvanBork","0.20GEL","marathon-PhD",503,"500-1000"
177,121,277,"RietvanBork","0.50EUR","marathon-PhD",277,"100-500"
178,237,476,"ThomasBastelica","0.10EUR","marathon-PhD",476,"100-500"
179,230,482,"ThomasBastelica","2EUR","marathon-PhD",482,"100-500"
180,251,501,"ThomasBastelica","50CZK","marathon-PhD",501,"500-1000"
181,224,472,"ThomasBastelica","1CHF","marathon-PhD",472,"100-500"
182,279,517,"ThomasBastelica","1CAD","marathon-PhD",517,"500-1000"
183,1269,2481,"AntonZoubek","0.50EUR","marathon-Manheim",2481,">=2000"
184,1318,2578,"AntonZoubek","5SEK","marathon-Manheim",2578,">=2000"
185,510,1021,"ChrisGabrielIslam","5JPY","marathon-Manheim",1021,"1000-2000"
186,523,1012,"ChrisGabrielIslam","2BDT","marathon-Manheim",1012,"1000-2000"
187,506,1003,"ChrisGabrielIslam","0.10RON","marathon-Manheim",1003,"1000-2000"
188,525,1030,"ChrisGabrielIslam","1EUR","marathon-Manheim",1030,"1000-2000"
189,482,995,"ChrisGabrielIslam","5SEK","marathon-Manheim",995,"500-1000"
190,500,982,"MalteZoubek","1EUR","marathon-Manheim",982,"500-1000"
191,540,1024,"MalteZoubek","2BDT","marathon-Manheim",1024,"1000-2000"
192,251,510,"MalteZoubek","0.50EUR","marathon-Manheim",510,"500-1000"
193,260,523,"MalteZoubek","0.20CHF","marathon-Manheim",523,"500-1000"
194,758,1507,"MalteZoubek","5SEK","marathon-Manheim",1507,"1000-2000"
195,262,504,"MalteZoubek","2ILS","marathon-Manheim",504,"500-1000"
196,260,507,"MalteZoubek","0.25BRL","marathon-Manheim",507,"500-1000"
197,1073,2086,"SaraShabani","1EUR","marathon-Manheim",2086,">=2000"
198,802,1526,"SaraShabani","5SEK","marathon-Manheim",1526,"1000-2000"
199,740,1495,"SaraShabani","0.25BRL","marathon-Manheim",1495,"1000-2000"
200,637,1336,"FelipeFontanaVieira","0.50EUR","internet",1336,"1000-2000"
201,276,590,"FelipeFontanaVieira","1EUR","internet",590,"500-1000"
202,1589,3103,"FelipeFontanaVieira","2EUR","internet",3103,">=2000"
203,2095,4220,"FranziskaNippold","0.50EUR","internet",4220,">=2000"
204,256,539,"FranziskaNippold","0.20EUR","internet",539,"500-1000"
205,283,546,"FranziskaNippold","2INR","internet",546,"500-1000"
206,517,1084,"FrederikAust","0.50EUR","internet",1084,"1000-2000"
207,782,1626,"FrederikAust","2EUR","internet",1626,"1000-2000"
208,233,478,"FrederikAust","1EUR","internet",478,"100-500"
209,775,1523,"FrederikAust","0.20EUR","internet",1523,"1000-2000"
210,257,496,"FrederikAust","0.10EUR","internet",496,"100-500"
211,275,515,"frantisekB","20DEM-silver","top-up",515,"500-1000"
212,250,495,"frantisekB","1CZK","top-up",495,"100-500"
213,271,531,"frantisekB","5CZK","top-up",531,"500-1000"
214,484,979,"frantisekB","0.25USD","top-up",979,"500-1000"
215,454,961,"frantisekB","10CZK","top-up",961,"500-1000"
216,756,1507,"frantisekB","0.50EUR","top-up",1507,"1000-2000"
217,981,1952,"frantisekB","1EUR","top-up",1952,"1000-2000"
218,2208,4334,"ingeborgR","2HRK","marathon",4334,">=2000"
219,2292,4257,"alexandraS","1MXN","top-up",4257,">=2000"
220,1936,3635,"madlenH","0.50EUR","marathon",3635,">=2000"
221,2390,4658,"henrikG","2EUR","marathon-PhD",4658,">=2000"
222,1910,3680,"adamF","5ZAR","marathon",3680,">=2000"
223,249,475,"adamF","0.05EUR","marathon",475,"100-500"
224,1485,2939,"jillR","0.20EUR","marathon",2939,">=2000"
225,157,304,"jillR","0.20GEL","marathon",304,"100-500"
226,1542,3008,"jonasP","0.20GEL","marathon-PhD",3008,">=2000"
227,346,731,"pierreG","1CHF","bachelor",731,"500-1000"
228,375,744,"pierreG","5CZK","bachelor",744,"500-1000"
229,366,742,"pierreG","1CNY","bachelor",742,"500-1000"
230,377,749,"pierreG","100JPY","bachelor",749,"500-1000"
231,383,753,"pierreG","5JPY","bachelor",753,"500-1000"
232,727,1479,"pierreG","2CHF","bachelor",1479,"1000-2000"
233,395,766,"pierreG","2EUR","bachelor",766,"500-1000"
234,359,732,"pierreG","1EUR","bachelor",732,"500-1000"
235,353,730,"pierreG","0.50EUR","bachelor",730,"500-1000"
236,502,995,"amirS","5MAD","bachelor",995,"500-1000"
237,756,1497,"amirS","2MAD","bachelor",1497,"1000-2000"
238,476,985,"amirS","1MAD","bachelor",985,"500-1000"
239,538,1027,"amirS","0.05NZD","bachelor",1027,"1000-2000"
240,715,1481,"amirS","0.50EUR","bachelor",1481,"1000-2000"
241,715,1492,"amirS","1EUR","bachelor",1492,"1000-2000"
242,1117,2251,"davidV","0.20EUR","bachelor",2251,">=2000"
243,695,1349,"davidV","1EUR","bachelor",1349,"1000-2000"
244,815,1640,"davidV","0.05EUR","bachelor",1640,"1000-2000"
245,399,823,"davidV","0.50EUR","bachelor",823,"500-1000"
246,1008,1904,"davidV","0.10EUR","bachelor",1904,"1000-2000"
247,403,782,"kaleemU","2EUR","bachelor",782,"500-1000"
248,474,931,"kaleemU","1EUR","bachelor",931,"500-1000"
249,484,994,"kaleemU","0.50EUR","bachelor",994,"500-1000"
250,165,338,"irmaT","1EUR","bachelor",338,"100-500"
251,609,1244,"kaleemU","0.20EUR","bachelor",1244,"1000-2000"
252,382,754,"kaleemU","0.10EUR","bachelor",754,"500-1000"
253,456,980,"kaleemU","0.20GBP","bachelor",980,"500-1000"
254,356,739,"kaleemU","0.50GBP","bachelor",739,"500-1000"
255,386,768,"kaleemU","2CHF","bachelor",768,"500-1000"
256,3992,7544,"davidKL","1SGD","bachelor",7544,">=2000"
257,490,951,"AaronLob","1EUR","marathon-MSc",951,"500-1000"
258,771,1498,"AaronLob","2EUR","marathon-MSc",1498,"1000-2000"
259,247,489,"AaronLob","0.20EUR","marathon-MSc",489,"100-500"
260,239,475,"AaronLob","1DEM","marathon-MSc",475,"100-500"
261,131,252,"AaronLob","0.50EUR","marathon-MSc",252,"100-500"
262,509,961,"AdrianKarami","0.20EUR","marathon-MSc",961,"500-1000"
263,258,509,"AdrianKarami","2EUR","marathon-MSc",509,"500-1000"
264,102,227,"AdrianKarami","1GBP","marathon-MSc",227,"100-500"
265,255,506,"alexandraS","1EUR","top-up",506,"500-1000"
266,249,499,"alexandraS","1DEM","top-up",499,"100-500"
267,748,1496,"alexandraS","2EUR","top-up",1496,"1000-2000"
268,258,499,"alexandraS","1CAD","top-up",499,"100-500"
269,230,470,"alexandraS","10CZK","top-up",470,"100-500"
270,242,479,"alexandraS","0.50EUR","top-up",479,"100-500"
271,250,498,"alexandraS","0.20EUR","top-up",498,"100-500"
272,221,439,"AndreeaZetea","0.25USD","marathon-MSc",439,"100-500"
273,215,468,"AndreeaZetea","0.05EUR","marathon-MSc",468,"100-500"
274,387,793,"AndreeaZetea","2EUR","marathon-MSc",793,"500-1000"
275,252,509,"AndreeaZetea","0.50RON","marathon-MSc",509,"500-1000"
276,223,440,"ArneJohn","5SEK","marathon-MSc",440,"100-500"
277,251,501,"ArneJohn","2EUR","marathon-MSc",501,"500-1000"
278,240,487,"ArneJohn","1EUR","marathon-MSc",487,"100-500"
279,228,496,"ArneJohn","0.50EUR","marathon-MSc",496,"100-500"
280,231,455,"BohanFu","0.50EUR","marathon-MSc",455,"100-500"
281,244,484,"BohanFu","0.20EUR","marathon-MSc",484,"100-500"
282,63,143,"BohanFu","0.02EUR","marathon-MSc",143,"100-500"
283,256,473,"EJ","2EUR","marathon-MSc",473,"100-500"
284,267,513,"EJ","1EUR","marathon-MSc",513,"500-1000"
285,234,496,"EJ","0.50EUR","marathon-MSc",496,"100-500"
286,234,479,"EJ","0.20EUR","marathon-MSc",479,"100-500"
287,68,113,"EJ","50CZK","marathon-MSc",113,"100-500"
288,651,1301,"frantisekB","1CAD","top-up",1301,"1000-2000"
289,274,509,"frantisekB","0.20EUR","top-up",509,"500-1000"
290,424,802,"frantisekB","50CZK","top-up",802,"500-1000"
291,261,461,"FranziskaAssion","1EUR","marathon-MSc",461,"100-500"
292,307,534,"FranziskaAssion","1DEM","marathon-MSc",534,"500-1000"
293,276,508,"FranziskaAssion","0.20EUR","marathon-MSc",508,"500-1000"
294,221,438,"FranziskaAssion","2EUR","marathon-MSc",438,"100-500"
295,257,472,"HannahArmstrong","2CAD","marathon-MSc",472,"100-500"
296,277,522,"HannahArmstrong","2EUR","marathon-MSc",522,"500-1000"
297,259,513,"HannahArmstrong","1CAD","marathon-MSc",513,"500-1000"
298,28,53,"HannahArmstrong","0.25CAD","marathon-MSc",53,"<100"
299,241,491,"henrikG","1EUR","marathon-PhD",491,"100-500"
300,452,944,"henrikG","10CZK","marathon-PhD",944,"500-1000"
301,252,508,"henrikG","1DEM","marathon-PhD",508,"500-1000"
302,240,503,"henrikG","0.01GBP","marathon-PhD",503,"500-1000"
303,230,488,"henrikG","50CZK","marathon-PhD",488,"100-500"
304,259,437,"JanYang","0.50EUR","marathon-MSc",437,"100-500"
305,187,377,"JanYang","0.20EUR","marathon-MSc",377,"100-500"
306,211,433,"JoycePang","0.50SGD","marathon-MSc",433,"100-500"
307,233,490,"JoycePang","0.20EUR","marathon-MSc",490,"100-500"
308,94,201,"JoycePang","1SGD","marathon-MSc",201,"100-500"
309,198,411,"MagdaMatetovici","0.50RON","marathon-MSc",411,"100-500"
310,239,492,"MagdaMatetovici","0.50EUR","marathon-MSc",492,"100-500"
311,265,512,"MagdaMatetovici","5SEK","marathon-MSc",512,"500-1000"
312,263,501,"MagdaMatetovici","2CAD","marathon-MSc",501,"500-1000"
313,268,519,"MagdaMatetovici","2EUR","marathon-MSc",519,"500-1000"
314,33,52,"MagdaMatetovici","1CAD","marathon-MSc",52,"<100"
315,211,433,"MaraBialas","2EUR","marathon-MSc",433,"100-500"
316,255,472,"MaraBialas","0.50EUR","marathon-MSc",472,"100-500"
317,232,453,"MaraBialas","10CZK","marathon-MSc",453,"100-500"
318,253,462,"RoyMichaelMoore","0.20EUR","marathon-MSc",462,"100-500"
319,288,521,"RoyMichaelMoore","1EUR","marathon-MSc",521,"500-1000"
320,274,512,"RoyMichaelMoore","0.50EUR","marathon-MSc",512,"500-1000"
321,234,496,"RoyMichaelMoore","2EUR","marathon-MSc",496,"100-500"
322,223,479,"SjoerdTerpstra","0.50RON","marathon-MSc",479,"100-500"
323,244,495,"SjoerdTerpstra","0.50EUR","marathon-MSc",495,"100-500"
324,249,501,"SjoerdTerpstra","2EUR","marathon-MSc",501,"500-1000"
325,253,505,"SjoerdTerpstra","1CAD","marathon-MSc",505,"500-1000"
326,250,486,"SjoerdTerpstra","5SEK","marathon-MSc",486,"100-500"
327,220,439,"TheresaLeidinger","2EUR","marathon-MSc",439,"100-500"
328,256,527,"TheresaLeidinger","2CAD","marathon-MSc",527,"500-1000"
329,236,464,"TheresaLeidinger","0.25USD","marathon-MSc",464,"100-500"
330,162,310,"TheresaLeidinger","1CAD","marathon-MSc",310,"100-500"
331,246,437,"TianqiPeng","1EUR","marathon-MSc",437,"100-500"
332,364,552,"TianqiPeng","0.20EUR","marathon-MSc",552,"500-1000"
333,292,470,"TianqiPeng","0.50EUR","marathon-MSc",470,"100-500"
334,220,440,"TingPan","2EUR","marathon-MSc",440,"100-500"
335,221,451,"TingPan","0.50SGD","marathon-MSc",451,"100-500"
336,281,528,"TingPan","0.05EUR","marathon-MSc",528,"500-1000"
337,81,154,"TingPan","1EUR","marathon-MSc",154,"100-500"
338,247,456,"VincentOtt","1EUR","marathon-MSc",456,"100-500"
339,292,532,"VincentOtt","2EUR","marathon-MSc",532,"500-1000"
340,275,533,"VincentOtt","0.50EUR","marathon-MSc",533,"500-1000"
341,263,509,"VincentOtt","0.20GBP","marathon-MSc",509,"500-1000"
342,255,517,"VincentOtt","1DEM","marathon-MSc",517,"500-1000"
343,256,445,"XiaochangZhao","0.50SGD","marathon-MSc",445,"100-500"
344,273,506,"XiaochangZhao","0.50EUR","marathon-MSc",506,"500-1000"
345,284,522,"XiaochangZhao","0.20EUR","marathon-MSc",522,"500-1000"
346,155,299,"XiaochangZhao","2EUR","marathon-MSc",299,"100-500"
347,213,460,"XiaoyiLin","0.50EUR","marathon-MSc",460,"100-500"
348,192,351,"XiaoyiLin","0.20EUR","marathon-MSc",351,"100-500"
349,231,478,"frantisekB","0.20GEL","top-up",478,"100-500"
350,235,458,"henrikG","1CAD","marathon-PhD",458,"100-500"
351,227,481,"henrikG","0.50EUR","marathon-PhD",481,"100-500"
352,258,503,"JasonNak","0.20EUR","marathon-PhD",503,"500-1000"
353,237,483,"JasonNak","0.10EUR","marathon-PhD",483,"100-500"
354,236,487,"JasonNak","1CAD","marathon-PhD",487,"100-500"
355,245,503,"JasonNak","2EUR","marathon-PhD",503,"500-1000"
356,230,501,"JasonNak","0.50EUR","marathon-PhD",501,"500-1000"
357,270,505,"JasonNak","10CZK","marathon-PhD",505,"500-1000"
358,184,354,"JasonNak","50CZK","marathon-PhD",354,"100-500"
359,227,475,"jonasP","0.50EUR","marathon-PhD",475,"100-500"
360,245,494,"jonasP","1CAD","marathon-PhD",494,"100-500"
361,255,505,"jonasP","10CZK","marathon-PhD",505,"500-1000"
362,265,510,"jonasP","2EUR","marathon-PhD",510,"500-1000"
363,252,499,"KarolineH","1EUR","marathon-PhD",499,"100-500"
364,282,528,"KarolineH","50CZK","marathon-PhD",528,"500-1000"
365,494,992,"KarolineH","2EUR","marathon-PhD",992,"500-1000"
366,242,498,"KarolineH","10CZK","marathon-PhD",498,"100-500"
367,121,243,"KarolineH","0.25USD","marathon-PhD",243,"100-500"
368,224,483,"KatharinaKarnbach","1CHF","marathon-PhD",483,"100-500"
369,231,480,"KatharinaKarnbach","1GBP","marathon-PhD",480,"100-500"
370,244,488,"KatharinaKarnbach","0.50EUR","marathon-PhD",488,"100-500"
371,274,509,"KatharinaKarnbach","1EUR","marathon-PhD",509,"500-1000"
372,111,212,"KatharinaKarnbach","2EUR","marathon-PhD",212,"100-500"
373,258,495,"KoenDerks","0.50EUR","marathon-PhD",495,"100-500"
374,258,504,"KoenDerks","0.20EUR","marathon-PhD",504,"500-1000"
375,256,504,"KoenDerks","2EUR","marathon-PhD",504,"500-1000"
376,276,528,"KoenDerks","1EUR","marathon-PhD",528,"500-1000"
377,281,509,"KoenDerks","1CAD","marathon-PhD",509,"500-1000"
378,248,489,"KoenDerks","0.10EUR","marathon-PhD",489,"100-500"
379,110,208,"KoenDerks","0.20GEL","marathon-PhD",208,"100-500"
380,253,499,"MichelleDonzallaz","2EUR","marathon-PhD",499,"100-500"
381,269,503,"MichelleDonzallaz","50CZK","marathon-PhD",503,"500-1000"
382,253,494,"MichelleDonzallaz","0.50EUR","marathon-PhD",494,"100-500"
383,268,504,"MichelleDonzallaz","1EUR","marathon-PhD",504,"500-1000"
384,63,143,"MichelleDonzallaz","0.05EUR","marathon-PhD",143,"100-500"
385,249,489,"RietvanBork","0.05EUR","marathon-PhD",489,"100-500"
386,267,515,"RietvanBork","1CHF","marathon-PhD",515,"500-1000"
387,242,497,"RietvanBork","0.20GEL","marathon-PhD",497,"100-500"
388,167,323,"RietvanBork","0.50EUR","marathon-PhD",323,"100-500"
389,283,524,"ThomasBastelica","0.10EUR","marathon-PhD",524,"500-1000"
390,265,518,"ThomasBastelica","2EUR","marathon-PhD",518,"500-1000"
391,247,499,"ThomasBastelica","50CZK","marathon-PhD",499,"100-500"
392,279,528,"ThomasBastelica","1CHF","marathon-PhD",528,"500-1000"
393,245,483,"ThomasBastelica","1CAD","marathon-PhD",483,"100-500"
394,1317,2522,"AntonZoubek","0.50EUR","marathon-Manheim",2522,">=2000"
395,1165,2423,"AntonZoubek","5SEK","marathon-Manheim",2423,">=2000"
396,463,979,"ChrisGabrielIslam","5JPY","marathon-Manheim",979,"500-1000"
397,500,991,"ChrisGabrielIslam","2BDT","marathon-Manheim",991,"500-1000"
398,504,998,"ChrisGabrielIslam","0.10RON","marathon-Manheim",998,"500-1000"
399,463,970,"ChrisGabrielIslam","1EUR","marathon-Manheim",970,"500-1000"
400,495,1006,"ChrisGabrielIslam","5SEK","marathon-Manheim",1006,"1000-2000"
401,538,1018,"MalteZoubek","1EUR","marathon-Manheim",1018,"1000-2000"
402,492,976,"MalteZoubek","2BDT","marathon-Manheim",976,"500-1000"
403,232,490,"MalteZoubek","0.50EUR","marathon-Manheim",490,"100-500"
404,219,477,"MalteZoubek","0.20CHF","marathon-Manheim",477,"100-500"
405,750,1493,"MalteZoubek","5SEK","marathon-Manheim",1493,"1000-2000"
406,252,496,"MalteZoubek","2ILS","marathon-Manheim",496,"100-500"
407,245,493,"MalteZoubek","0.25BRL","marathon-Manheim",493,"100-500"
408,896,1914,"SaraShabani","1EUR","marathon-Manheim",1914,"1000-2000"
409,756,1474,"SaraShabani","5SEK","marathon-Manheim",1474,"1000-2000"
410,755,1505,"SaraShabani","0.25BRL","marathon-Manheim",1505,"1000-2000"
411,661,1367,"FelipeFontanaVieira","0.50EUR","internet",1367,"1000-2000"
412,297,611,"FelipeFontanaVieira","1EUR","internet",611,"500-1000"
413,1497,3008,"FelipeFontanaVieira","2EUR","internet",3008,">=2000"
414,2225,4386,"FranziskaNippold","0.50EUR","internet",4386,">=2000"
415,278,566,"FranziskaNippold","0.20EUR","internet",566,"500-1000"
416,231,500,"FranziskaNippold","2INR","internet",500,"100-500"
417,555,1116,"FrederikAust","0.50EUR","internet",1116,"1000-2000"
418,830,1674,"FrederikAust","2EUR","internet",1674,"1000-2000"
419,273,522,"FrederikAust","1EUR","internet",522,"500-1000"
420,731,1477,"FrederikAust","0.20EUR","internet",1477,"1000-2000"
421,266,504,"FrederikAust","0.10EUR","internet",504,"500-1000"
